gdot,Pxx,Pyy,Pxy,N1,eta
0.001,-1.4732e-06,-4.55982e-06,-6.69203e-07,3.08662e-06,6.69203e-04
0.003,-1.66346e-06,3.83051e-06,5.89178e-07,-5.49397e-06,-1.96393e-04
0.01,1.74323e-05,-1.65308e-06,9.92017e-07,1.90854e-05,-9.92017e-05
0.03,3.71966e-05,-8.82657e-06,1.60915e-06,4.60232e-05,-5.36383e-05
0.1,-2.58359e-07,5.28460e-06,4.79617e-07,-5.54296e-06,-4.79617e-06
