gdot,Pxx,Pyy,Pxy,N1,eta
0.001,-6.82472e-06,-7.64370e-06,3.58943e-07,8.1898e-07,-3.58943e-04
0.003,1.24716e-06,-1.79834e-06,1.38672e-06,3.0455e-06,-4.62240e-04
0.01,1.72176e-05,2.03918e-06,1.52818e-06,1.51784e-05,-1.52818e-04
0.03,4.06310e-05,4.06717e-06,1.42472e-06,3.65638e-05,-4.74907e-05
0.1,-2.94924e-06,-1.90774e-06,1.42371e-06,-1.04150e-06,-1.42371e-05
